date,ticker,T,F,atm_iv,n_quotes,iv_25c,iv_25p,rr25,bf25,expiry,dte
2026-10-05,SPY,0.0059917,772.744,0.108821,72,0.101368,0.123051,-0.0216833,0.00338882,2026-10-07,2.2
2026-10-05,SPY,0.00873142,772.769,0.109669,80,0.102584,0.122253,-0.0196685,0.00274994,2026-10-08,3.2
2026-10-05,SPY,0.0114711,773.035,0.112255,94,0.104758,0.125868,-0.0211093,0.00305857,2026-10-09,4.2
2026-10-05,SPY,0.0196903,773.083,0.099328,99,0.0908904,0.109443,-0.0185523,0.000838558,2026-10-12,7.2
2026-10-05,SPY,0.0224301,773.113,0.10207,99,0.0935106,0.113117,-0.0196064,0.00124427,2026-10-13,8.2
2026-10-05,SPY,0.0251698,773.214,0.107978,104,0.101563,0.122427,-0.0208639,0.00401685,2026-10-14,9.2
2026-10-05,SPY,0.0279095,773.289,0.111378,93,0.103083,0.125814,-0.0227314,0.00307003,2026-10-15,10.2
2026-10-05,SPY,0.0306492,773.532,0.114466,146,0.10555,0.129102,-0.0235518,0.00286085,2026-10-16,11.2
2026-10-05,SPY,0.0498273,774.067,0.115326,155,0.105262,0.132811,-0.0275489,0.00370991,2026-10-23,18.2
2026-10-05,SPY,0.0690054,774.675,0.124699,237,0.113023,0.144915,-0.0318927,0.00427045,2026-10-30,25.2
2026-10-05,SPY,0.0881835,775.323,0.129739,155,0.117444,0.151727,-0.0342831,0.00484662,2026-11-06,32.2
2026-10-05,SPY,0.107362,775.887,0.131714,145,0.1186,0.154903,-0.0363025,0.00503744,2026-11-13,39.2
2026-10-05,SPY,0.12654,776.467,0.133682,199,0.120335,0.157903,-0.0375676,0.00543645,2026-11-20,46.2
2026-10-05,SPY,0.153937,777.089,0.13171,277,0.117852,0.156519,-0.0386672,0.0054753,2026-11-30,56.2
2026-10-05,SPY,0.203252,778.02,0.139092,252,0.123477,0.167048,-0.0435709,0.00617054,2026-12-18,74.2
2026-10-05,SPY,0.238868,778.181,0.138177,307,0.122273,0.166956,-0.0446833,0.00643702,2026-12-31,87.2
2026-10-05,SPY,0.279964,779.641,0.140939,171,0.12398,0.170316,-0.0463363,0.00620899,2027-01-15,102.2
2026-10-05,SPY,0.31832,780.831,0.143004,178,0.125224,0.172597,-0.0473723,0.00590645,2027-01-29,116.2
2026-10-05,SPY,0.395033,783.234,0.147276,141,0.128037,0.177152,-0.0491148,0.00531841,2027-02-26,144.2
2026-10-05,SPY,0.452567,784.7,0.15017,170,0.130243,0.180759,-0.0505163,0.00533084,2027-03-19,165.2
2026-10-05,SPY,0.485444,784.99,0.150021,188,0.129985,0.181467,-0.0514815,0.00570532,2027-03-31,177.2
2026-10-05,SPY,0.699142,791.964,0.160669,213,0.136512,0.192555,-0.056043,0.00386434,2027-06-17,255.2
2026-10-05,SPY,0.734759,792.271,0.160924,168,0.136649,0.193036,-0.0563863,0.00391862,2027-06-30,268.2
2026-10-05,SPY,0.951197,799.211,0.16961,227,0.142446,0.19989,-0.0574443,0.00155773,2027-09-17,347.2
2026-10-05,SPY,0.986814,799.165,0.170343,91,0.143055,0.199801,-0.0567459,0.00108481,2027-09-30,360.2
2026-10-05,QQQ,0.0059917,753.539,0.162168,93,0.15268,0.179017,-0.0263364,0.0036805,2026-10-07,2.2
2026-10-05,QQQ,0.00873142,753.585,0.162528,95,0.154528,0.180667,-0.0261387,0.0050689,2026-10-08,3.2
2026-10-05,QQQ,0.0114711,753.85,0.167954,112,0.153413,0.180301,-0.0268887,-0.00109671,2026-10-09,4.2
2026-10-05,QQQ,0.0196903,753.81,0.144709,100,0.135691,0.159606,-0.0239145,0.00293993,2026-10-12,7.2
2026-10-05,QQQ,0.0224301,753.792,0.149632,103,0.140727,0.164205,-0.0234783,0.00283409,2026-10-13,8.2
2026-10-05,QQQ,0.0251698,754.053,0.159828,99,0.149736,0.175737,-0.0260003,0.00290803,2026-10-14,9.2
2026-10-05,QQQ,0.0279095,754.158,0.164361,99,0.153509,0.180638,-0.0271297,0.00271246,2026-10-15,10.2
2026-10-05,QQQ,0.0306492,754.303,0.169843,176,0.157707,0.185241,-0.0275331,0.00163126,2026-10-16,11.2
2026-10-05,QQQ,0.0498273,754.815,0.170653,138,0.158505,0.19284,-0.0343348,0.00501917,2026-10-23,18.2
2026-10-05,QQQ,0.0690054,755.416,0.184192,214,0.169087,0.208662,-0.0395753,0.00468227,2026-10-30,25.2
2026-10-05,QQQ,0.0881835,755.903,0.189915,153,0.174754,0.216201,-0.0414467,0.00556206,2026-11-06,32.2
2026-10-05,QQQ,0.107362,756.542,0.193035,146,0.176484,0.220619,-0.0441347,0.00551692,2026-11-13,39.2
2026-10-05,QQQ,0.12654,757.01,0.196697,213,0.180393,0.223307,-0.0429137,0.00515325,2026-11-20,46.2
2026-10-05,QQQ,0.153937,757.747,0.193227,177,0.176839,0.220471,-0.043632,0.00542773,2026-11-30,56.2
2026-10-05,QQQ,0.203252,759.432,0.202277,295,0.18586,0.2309,-0.0450396,0.00610355,2026-12-18,74.2
2026-10-05,QQQ,0.238868,759.82,0.201444,249,0.184997,0.230049,-0.0450522,0.00607845,2026-12-31,87.2
2026-10-05,QQQ,0.279964,761.431,0.204189,146,0.186899,0.2327,-0.0458001,0.00561015,2027-01-15,102.2
2026-10-05,QQQ,0.375855,764.182,0.209484,140,0.191099,0.235867,-0.0447684,0.00399918,2027-02-19,137.2
2026-10-05,QQQ,0.452567,766.996,0.214152,161,0.195796,0.240779,-0.0449831,0.00413533,2027-03-19,165.2
2026-10-05,QQQ,0.485444,767.55,0.213113,154,0.195512,0.240268,-0.0447559,0.00477724,2027-03-31,177.2
2026-10-05,QQQ,0.699142,774.368,0.224919,178,0.205796,0.249588,-0.0437913,0.00277338,2027-06-17,255.2
2026-10-05,QQQ,0.734759,775.366,0.226623,97,0.206593,0.251942,-0.0453495,0.00264439,2027-06-30,268.2
2026-10-05,QQQ,0.951197,782.896,0.232179,166,0.211164,0.256749,-0.0455846,0.00177692,2027-09-17,347.2
2026-10-05,QQQ,0.986814,784.488,0.228465,27,0.209512,0.254578,-0.0450656,0.00358029,2027-09-30,360.2
2026-10-06,SPY,0.00552751,779.875,0.100538,76,0.0953744,0.109281,-0.0139067,0.00178997,2026-10-08,2
2026-10-06,SPY,0.00826724,780.16,0.103264,91,0.0984477,0.112309,-0.0138615,0.00211424,2026-10-09,3
2026-10-06,SPY,0.0164864,780.184,0.0886199,97,0.0842103,0.0969078,-0.0126975,0.00193912,2026-10-12,6
2026-10-06,SPY,0.0192261,780.249,0.0920736,95,0.0874288,0.100604,-0.0131753,0.00194283,2026-10-13,7
2026-10-06,SPY,0.0219659,780.345,0.101483,97,0.0962723,0.111108,-0.0148353,0.00220702,2026-10-14,8
2026-10-06,SPY,0.0247056,780.425,0.104965,89,0.0991967,0.115523,-0.0163266,0.00239505,2026-10-15,9
2026-10-06,SPY,0.0274453,780.606,0.108386,138,0.101921,0.119347,-0.0174254,0.00224794,2026-10-16,10
2026-10-06,SPY,0.0466234,781.157,0.110087,150,0.101923,0.123431,-0.0215084,0.00258948,2026-10-23,17
2026-10-06,SPY,0.0658015,781.769,0.120249,238,0.110959,0.136473,-0.0255141,0.00346713,2026-10-30,24
2026-10-06,SPY,0.0849796,782.453,0.126067,156,0.115524,0.144194,-0.0286705,0.00379259,2026-11-06,31
2026-10-06,SPY,0.104158,783.009,0.12859,144,0.116969,0.148057,-0.0310881,0.00392215,2026-11-13,38
2026-10-06,SPY,0.123336,783.563,0.130875,197,0.118868,0.151979,-0.0331107,0.00454789,2026-11-20,45
2026-10-06,SPY,0.150733,784.246,0.128826,277,0.116348,0.150482,-0.0341343,0.00458936,2026-11-30,55
2026-10-06,SPY,0.200048,785.21,0.136677,250,0.121984,0.162085,-0.0401012,0.00535737,2026-12-18,73
2026-10-06,SPY,0.235664,785.353,0.135455,305,0.121001,0.162229,-0.0412276,0.00615987,2026-12-31,86
2026-10-06,SPY,0.27676,786.861,0.13866,172,0.123048,0.166084,-0.0430361,0.00590558,2027-01-15,101
2026-10-06,SPY,0.315117,788.134,0.140672,179,0.124317,0.168811,-0.0444934,0.00589207,2027-01-29,115
2026-10-06,SPY,0.391829,790.518,0.14556,141,0.127594,0.173848,-0.0462544,0.00516078,2027-02-26,143
2026-10-06,SPY,0.449363,792.164,0.14838,172,0.129672,0.178011,-0.0483391,0.00546164,2027-03-19,164
2026-10-06,SPY,0.48224,792.401,0.148342,189,0.129627,0.178698,-0.0490714,0.00582054,2027-03-31,176
2026-10-06,SPY,0.695938,799.054,0.159858,216,0.136992,0.190549,-0.0535579,0.00391212,2027-06-17,254
2026-10-06,SPY,0.731555,799.403,0.160038,173,0.136986,0.191159,-0.0541726,0.00403415,2027-06-30,267
2026-10-06,SPY,0.947993,806.719,0.168587,226,0.142328,0.19878,-0.0564521,0.00196714,2027-09-17,346
2026-10-06,SPY,0.98361,806.676,0.168546,89,0.142953,0.1988,-0.0558473,0.00233011,2027-09-30,359
2026-10-06,QQQ,0.00552751,760.875,0.148117,85,0.138864,0.159906,-0.0210423,0.00126842,2026-10-08,2
2026-10-06,QQQ,0.00826724,761.15,0.153638,110,0.145602,0.165615,-0.0200124,0.00197073,2026-10-09,3
2026-10-06,QQQ,0.0164864,761.196,0.133234,99,0.125969,0.143786,-0.0178161,0.00164327,2026-10-12,6
2026-10-06,QQQ,0.0192261,761.265,0.140055,99,0.132508,0.151329,-0.0188208,0.0018634,2026-10-13,7
2026-10-06,QQQ,0.0219659,761.338,0.152856,98,0.14459,0.16482,-0.0202294,0.00184916,2026-10-14,8
2026-10-06,QQQ,0.0247056,761.416,0.157695,97,0.149474,0.169761,-0.0202868,0.0019228,2026-10-15,9
2026-10-06,QQQ,0.0274453,761.616,0.162796,170,0.15373,0.176007,-0.0222774,0.0020722,2026-10-16,10
2026-10-06,QQQ,0.0466234,762.11,0.166716,133,0.155355,0.184415,-0.0290607,0.00316933,2026-10-23,17
2026-10-06,QQQ,0.0658015,762.692,0.18067,210,0.167759,0.202748,-0.0349886,0.00458301,2026-10-30,24
2026-10-06,QQQ,0.0849796,763.236,0.187182,146,0.17235,0.210507,-0.0381573,0.00424633,2026-11-06,31
2026-10-06,QQQ,0.104158,763.796,0.189774,141,0.174123,0.214285,-0.0401612,0.00442996,2026-11-13,38
2026-10-06,QQQ,0.123336,764.377,0.192673,213,0.177482,0.218237,-0.0407553,0.00518637,2026-11-20,45
2026-10-06,QQQ,0.150733,765.013,0.18952,177,0.174455,0.214656,-0.0402015,0.00503576,2026-11-30,55
2026-10-06,QQQ,0.200048,766.727,0.199467,288,0.183353,0.225968,-0.042614,0.00519385,2026-12-18,73
2026-10-06,QQQ,0.235664,767.187,0.198058,247,0.1819,0.225143,-0.0432425,0.00546368,2026-12-31,86
2026-10-06,QQQ,0.27676,768.65,0.200748,142,0.184162,0.227824,-0.043662,0.00524515,2027-01-15,101
2026-10-06,QQQ,0.372651,771.589,0.20576,138,0.188276,0.231848,-0.0435715,0.00430199,2027-02-19,136
2026-10-06,QQQ,0.449363,774.104,0.210536,158,0.192832,0.236674,-0.0438421,0.00421754,2027-03-19,164
2026-10-06,QQQ,0.48224,774.786,0.2111,154,0.193196,0.237323,-0.0441273,0.00415873,2027-03-31,176
2026-10-06,QQQ,0.695938,781.851,0.220749,175,0.201584,0.245746,-0.0441618,0.00291586,2027-06-17,254
2026-10-06,QQQ,0.731555,782.925,0.221647,98,0.202908,0.247898,-0.0449901,0.0037562,2027-06-30,267
2026-10-06,QQQ,0.947993,789.491,0.228064,166,0.208648,0.250641,-0.0419936,0.00158083,2027-09-17,346
2026-10-06,QQQ,0.98361,791.778,0.228153,25,0.207967,0.249997,-0.0420302,0.000828586,2027-09-30,359
