,n_bars,share_open_eq_prev_close
1999,252,0.9642857142857143
2000,252,0.9563492063492064
2001,248,0.9435483870967742
2002,252,0.9444444444444444
2003,252,0.9761904761904762
2004,252,0.9722222222222222
2005,252,0.9563492063492064
2006,251,0.42231075697211157
2007,251,0.1553784860557769
2008,253,0.011857707509881422
2009,252,0.015873015873015872
2010,252,0.011904761904761904
2011,252,0.09126984126984126
2012,250,0.252
2013,252,0.25793650793650796
2014,252,0.003968253968253968
2015,252,0.0
2016,252,0.0
2017,251,0.0
2018,251,0.0
