fenêtre_z,z_seuil,n_riche,n_bon_marché,pnl_neutre,excès_riche,t_riche,excès_bon_marché,t_bon_marché
126,0.5,1601,1539,1.7989103022516513,0.6497799732759447,1.293438507853114,-0.36345291449315376,-0.5805801578933001
126,1.0,805,945,1.8701944723281358,1.0437162805753823,2.0399083760934897,-0.7521919311541088,-0.7906166210776898
126,1.5,288,507,1.9504743749718203,1.2608144705865807,2.0852747423984637,-1.2356677617237852,-0.8862797072516133
126,2.0,94,253,1.9491386374760566,2.9075181798915826,3.4583096065084584,-2.078963693430586,-1.0688961634082905
252,0.5,1474,1472,1.6900302969279315,0.9541921691131945,1.7214866276973029,-0.4295604411658739,-0.6513024622807004
252,1.0,624,870,1.8400898691514884,1.0643824224187326,1.8507554817738334,-0.7089022232768153,-0.6721141269151041
252,1.5,207,468,1.885607005203542,1.6134444614314325,2.0971045051218926,-1.083334732341547,-0.6519372570754886
252,2.0,84,256,1.9361387790349738,2.5019645629109384,2.6420618286782243,-2.45324285369071,-1.1025639470484563
504,0.5,1373,1347,1.8186389354236843,0.6832589035751003,1.2096826170622075,-0.740127490545435,-0.9834956631397608
504,1.0,552,810,1.9403161584062583,0.98900414901705,1.6663410068529665,-1.4608269747021925,-1.2276131031381756
504,1.5,181,447,1.9274307167116695,1.8292861534982756,2.2964959272485985,-2.0098950451674273,-0.9707448897814095
504,2.0,76,275,1.919546151870474,2.4494635068598174,2.152788101955343,-2.587244970296575,-0.9160527815591024
